﻿<?xml version="1.0" encoding="utf-8"?>
<dataController name="ProductRegistration" conflictDetection="overwriteChanges" handler="MyCompany.Rules.ProductRegistrationBusinessRules" xmlns="urn:schemas-codeontime-com:data-aquarium">
  <fields>
    <field name="ActivationCode" type="String" label="Activation Code" length="60" />
    <field name="StudioPort" type="Int32" label="Studio Port" />
  </fields>
  <views>
    <view id="anonymous" type="Grid" label="Anonymous" access="Public">
      <dataFields>
        <dataField fieldName="ActivationCode" rows="5" />
        <dataField fieldName="StudioPort" columns="15" />
      </dataFields>
    </view>
  </views>
  <businessRules>
    <rule id="GetData" commandName="Select" type="Code" phase="Before" />
  </businessRules>
</dataController>