﻿{
  "name": "Summer",
  "color": "#5C995C",
  "header": {
    "background": "#5C995C",
    "border": "#5C995C",
    "paddingTop": 0,
    "icon": {
      "default": "#eee",
      "hover": "#fff",
      "backgroundOpacity": "0.13"
    },
    "text": {
      "default": "#f5f5f5",
      "hover": "#fff",
      "logo": "#fff",
      "hoverBackground": "rgba(0,0,0,0.1)",
      "selectedBackground": "rgba(0,0,0,0.15)"
    }
  },
  "panel": {
    "icon": {
      "default": "#5C995C",
      "hover": "#155E08"
    }
  },
  "form": {
    "header": {
      "background": "transparent", 
      "border": "transparent"
    }
  },
  "buttons": {
    "promo": {
      "background": "#5C995C"
    }
  }
}
