﻿{
  "name": "Dark",
  "color": "#666",
  "boxShadow": {
    "modal": "0 0 10px 5px rgba(0,0,0,.55)",
    "left": "5px 0 5px rgba(0,0,0,.55)",
    "right": "-5px 0 5px rgba(0,0,0,.55)",
    "heading": "0 3px 6px 0 rgba(0,0,0,.55)",
    "modalActive": "0 0 5px 2px rgba(0,0,0,.85)",
    "scroll": {
      "left": "inset 10px 0px 10px -10px rgba(255,255,255,0.25)",
      "right": "inset -10px 0px 10px -10px rgba(255,255,255,0.25)",
      "both": "inset 10px 0px 10px -10px rgba(255,255,255,0.25), inset -10px 0px 10px -10px rgba(255,255,255,0.1)",
      "border": "#333"
    }
  },
  "background": {
    "0": "#000",
    "1": "#111",
    "2": "#333",
    "3": "#333",
    "4": "#222",
    "5": "#333",
    "6": "#eee",
    "transparent": "rgba(255,255,255,.125)",
    "transparent2": "rgba(255,255,255,.025)",
    "transparent3": "rgba(255,255,255,.1)",
    "hover": "rgba(255,255,255,0.05)",
    "hoverOpaque": "#202020",
    "active": "rgba(255,255,255,0.1)",
    "activeOpaque": "#2c2c2c",
    "opacity": 0.9
  },
  "border": {
    "1": "#333",
    "2": "#444",
    "3": "#444",
    "4": "#444",
    "5": "#444",
    "6": "#e7e7e7"
  },
  "text": {
    "default": "#eee",
    "light": "#aaa",
    "hover": "#eee",
    "active": "#fff",
    "invert": "#000",
    "muted": "#777"
  },
  "icon": {
    "default": "#ccc",
    "light": "#bbb",
    "hover": "#eee",
    "active": "#fff"
  },
  "input": {
    "button": {
      "border": "rgba(255,255,255,.3)",
      "disabled": "rgba(255,255,255,.3)"
    }
  },
  "scrollbar": {
    "background": "#3e3e42",
    "handle": {
      "default": "#686868",
      "hover": "#9e9e9e",
      "active": "#ddd"
    }
  },
  "inputShadow": "0 2px 10px rgba(255,255,255,.1)",
  "content": {
    "button": {
      "background": "#555",
      "border": "#666",
      "hover": "#444",
      "color": "#fff"
    }
  },
  "kiosk": {
    "numpad": {
      "buttons": {
        "color": "#444",
        "color2": "rgba(0,0,0,.25)",
        "icon": {
          "color": "#eee",
          "accent": "#eee"
        }
      },
      "divider": "#333"
    }
  },
  "readingPane": {
    "splitter": {
      "background": "rgba(255,255,255,.3)"
    }
  }
}
