﻿{
  "name": "Felt",
  "color": "#707070",
  "header": {
    "background": "#707070",
    "border": "#707070",
    "paddingTop": 0,
    "icon": {
      "default": "#eee",
      "hover": "#fff",
      "backgroundOpacity": "0.15"
    },
    "text": {
      "default": "#f5f5f5",
      "hover": "#fff",
      "logo": "#fff",
      "hoverBackground": "rgba(0,0,0,0.05)",
      "selectedBackground": "rgba(0,0,0,0.1)"
    }
  },
  "panel": {
    "icon": {
      "default": "#707070",
      "hover": "#707070"
    }
  },
  "form": {
    "header": {
      "background": "transparent",
      "border": "transparent"
    }
  },
  "buttons": {
    "promo": {
      "background": "#707070"
    },
    "tabbar": {
      "icon": { "default": "#333" }
    }
  }
}
